{

    "metadata" :
    {
        "formatVersion" : 3.1,
        "sourceFile"    : "waypoint.obj",
        "generatedBy"   : "OBJConverter",
        "vertices"      : 10,
        "faces"         : 18,
        "normals"       : 13,
        "colors"        : 0,
        "uvs"           : 41,
        "materials"     : 2
    },

    "scale" : 1.000000,

    "materials": [	{
	"DbgColor" : 15658734,
	"DbgIndex" : 0,
	"DbgName" : "Color_F06",
	"colorAmbient" : [0.0, 0.0, 0.0],
	"colorDiffuse" : [0.4, 0.8, 0.0],
	"colorSpecular" : [0.33, 0.33, 0.33]
	},

	{
	"DbgColor" : 15597568,
	"DbgIndex" : 1,
	"DbgName" : "Color_F12",
	"colorAmbient" : [0.0, 0.0, 0.0],
	"colorDiffuse" : [0.356863, 0.6, 0.117647],
	"colorSpecular" : [0.33, 0.33, 0.33]
	}],

    "vertices": [-0.250000,1.200000,-0.250000,-0.250000,1.200000,0.250000,0.000000,2.200000,-0.000000,-0.250000,1.000000,0.250000,-0.250000,1.000000,-0.250000,0.250000,1.000000,-0.250000,0.250000,1.200000,-0.250000,0.250000,1.200000,0.250000,0.250000,1.000000,0.250000,0.000000,0.000000,-0.000000],

    "morphTargets": [],

    "morphColors": [],

    "normals": [-0.97014,0.24254,3.5578e-17,-1,0,-0,0,0,-1,-9.3943e-32,0.24254,-0.97014,0.97014,0.24254,9.3943e-32,-3.5578e-17,0.24254,0.97014,0,0,1,-3.5578e-17,-0.24254,0.97014,-0.97014,-0.24254,7.8286e-32,-1.8789e-31,-0.24254,-0.97014,0.97014,-0.24254,-3.1314e-32,1,0,-0,0,1,-0],

    "colors": [],

    "uvs": [[-9.8425,43.446,9.8425,43.446,-7.1054e-15,84.028,-9.8425,47.244,9.8425,39.37,9.8425,47.244,-9.8425,39.37,9.8425,47.244,-9.8425,39.37,9.8425,39.37,-9.8425,47.244,-1.4211e-14,84.028,-9.8425,43.446,9.8425,43.446,9.8425,43.446,7.1054e-15,84.028,-9.8425,43.446,1.4211e-14,84.028,-9.8425,43.446,9.8425,43.446,-9.8425,39.37,9.8425,47.244,-9.8425,47.244,9.8425,39.37,-9.8425,40.582,0,0,9.8425,40.582,-9.8425,40.582,9.8425,40.582,-9.8425,40.582,9.8425,40.582,9.8425,40.582,-9.8425,40.582,9.8425,39.37,-9.8425,47.244,-9.8425,39.37,9.8425,47.244,-9.8425,9.8425,9.8425,-9.8425,9.8425,9.8425,-9.8425,-9.8425]],

    "faces": [42,0,1,2,0,0,1,2,0,0,0,42,0,3,1,1,3,4,5,1,1,1,42,3,0,4,1,4,3,6,1,1,1,42,0,5,4,1,7,8,9,2,2,2,42,5,0,6,1,8,7,10,2,2,2,42,2,6,0,0,11,12,13,3,3,3,42,6,2,7,0,14,15,16,4,4,4,42,2,1,7,0,17,18,19,5,5,5,42,3,7,1,1,20,21,22,6,6,6,42,7,3,8,1,21,20,23,6,6,6,42,3,9,8,0,24,25,26,7,7,7,42,4,9,3,0,27,25,28,8,8,8,42,5,9,4,0,29,25,30,9,9,9,42,5,8,9,0,31,32,25,10,10,10,42,5,7,8,1,33,34,35,11,11,11,42,7,5,6,1,34,33,36,11,11,11,42,4,8,5,0,37,38,39,12,12,12,42,8,4,3,0,38,37,40,12,12,12]

}
