{

    "metadata" :
    {
        "formatVersion" : 3.1,
        "sourceFile"    : "Rocket.obj",
        "generatedBy"   : "OBJConverter",
        "vertices"      : 29,
        "faces"         : 40,
        "normals"       : 34,
        "colors"        : 0,
        "uvs"           : 75,
        "materials"     : 1
    },

    "scale" : 1.000000,

    "materials": [	{
	"DbgColor" : 15658734,
	"DbgIndex" : 0,
	"DbgName" : "FrontColor",
	"colorAmbient" : [0.0, 0.0, 0.0],
	"colorDiffuse" : [1.0, 1.0, 1.0],
	"colorSpecular" : [0.33, 0.33, 0.33]
	}],

    "vertices": [0.100000,0.000000,-0.396765,0.210000,0.000000,-0.000000,0.100000,0.000000,-0.000000,-0.100000,-0.000000,-0.000000,-0.210000,-0.000000,-0.000000,-0.100000,0.000000,-0.396765,0.000000,-0.100000,0.000000,-0.000000,-0.210000,0.000000,0.000000,-0.100000,-0.396765,-0.000000,0.100000,-0.000000,0.000000,0.210000,-0.000000,-0.000000,0.100000,-0.396765,0.070711,-0.070711,-0.510000,0.000000,-0.100000,-0.510000,-0.000000,0.000000,-0.780000,0.000000,-0.100000,0.000000,0.070711,-0.070711,-0.000000,0.100000,-0.000000,-0.396765,0.100000,0.000000,-0.510000,0.070711,0.070711,-0.510000,-0.000000,0.100000,-0.510000,-0.070711,0.070711,-0.510000,-0.100000,0.000000,-0.510000,-0.070711,-0.070711,-0.510000,-0.070711,-0.070711,-0.000000,-0.100000,-0.000000,-0.000000,-0.070711,0.070711,-0.000000,0.070711,0.070711,0.000000,-0.000000,0.100000,-0.000000],

    "morphTargets": [],

    "morphColors": [],

    "normals": [0,-1,-1.3878e-16,0,-1,-1.8735e-16,1,-4.4409e-16,-6.163e-32,-1,1.3864e-14,1.924e-30,0.36207,-0.87412,-0.32375,5.9552e-17,-0.93775,-0.34731,0.70711,-0.70711,-3.3422e-16,1.2017e-16,-1,-4.4688e-16,0.92388,-0.38268,-9.7145e-17,0.87947,-0.47596,-1.9816e-17,0.94926,-0.26398,-0.17092,0,-0.61119,-0.79149,0.94926,-0.26398,-0.17092,0.87412,-0.36207,-0.32375,0.87412,0.36207,-0.32375,0.36207,0.87412,-0.32375,-5.9552e-17,0.93775,-0.34731,-0.36207,0.87412,-0.32375,0,-0.61119,-0.79149,-0.94926,-0.26398,-0.17092,-0.87412,0.36207,-0.32375,-0.87412,-0.36207,-0.32375,-0.36207,-0.87412,-0.32375,-0.70711,-0.70711,-2.7038e-16,0,-1.3878e-16,1,0.92388,0.38268,1.9429e-16,0.70711,0.70711,2.9667e-16,5.6534e-17,-1,-1.3878e-16,0.94926,-0.26398,-0.17092,0.87947,-0.47596,-1.9816e-17,-0.87947,-0.47596,-1.0734e-16,-0.70711,0.70711,3.3985e-16,-0.94926,-0.26398,-0.17092,-2.7038e-16,1,4.7317e-16],

    "colors": [],

    "uvs": [[0,15.621,-4.3307,0,0,0,13.112,12.161,14.968,9.7866,22.892,17.892,20.079,1.5066,-1.4155e-15,-1.5066,20.079,-1.5066,-3.7858e-15,1.5066,20.079,-1.5066,-4.1397e-16,1.5066,-2.9272e-16,-1.5066,15.621,1.5066,20.079,1.5066,28.797,3.8617,17.461,3.8617,17.862,0.87519,28.797,-3.8617,17.862,-0.87519,17.461,-3.8617,13.112,-12.161,22.892,-17.892,14.968,-9.7866,-22.892,-17.892,-13.112,-12.161,-14.968,-9.7866,-28.797,-3.8617,-17.461,-3.8617,-17.862,-0.87519,-28.797,3.8617,-17.862,0.87519,-17.461,3.8617,-14.968,9.7866,-13.112,12.161,-22.892,17.892,-20.079,-1.5066,2.221e-15,1.5066,-20.079,1.5066,1.4155e-15,-1.5066,2.7839,-2.7839,-2.7839,-2.7839,2.4107e-16,-3.937,3.937,0,-3.937,-4.8214e-16,-2.7839,2.7839,2.7839,2.7839,8.2794e-16,-1.5066,20.079,1.5066,1.136e-16,1.5066,15.621,-1.5066,-3.937,-3.0888e-32,-3.937,20.079,-3.937,15.621,4.4409e-16,30.709,3.937,1.427e-31,3.937,20.079,-4.5832e-16,-1.5066,-20.079,1.5066,-20.079,-1.5066,-3.2408e-16,1.5066,-1.4155e-15,1.5066,-20.079,-1.5066,-3.7858e-15,-1.5066,-20.079,1.5066,2.1025e-15,-1.5066,20.079,1.5066,1.4155e-15,1.5066,20.079,-1.5066,-7.2322e-16,3.937,-20.079,-1.5066,8.2794e-16,1.5066,-20.079,1.5066,5.8544e-16,-1.5066,20.079,-1.5066]],

    "faces": [42,0,1,2,0,0,1,2,0,0,0,42,3,4,5,0,2,1,0,1,1,1,42,6,7,8,0,2,1,0,2,2,2,42,9,10,11,0,2,1,0,3,3,3,42,12,13,14,0,3,4,5,4,5,5,42,12,15,13,0,6,7,8,6,7,7,42,15,12,16,0,7,6,9,7,6,6,42,12,2,16,0,10,11,12,6,8,6,42,2,12,17,0,11,10,13,8,6,9,42,17,12,18,0,13,10,14,9,6,10,42,14,18,12,0,15,16,17,11,12,13,42,14,19,18,0,18,19,20,11,14,12,42,19,14,20,0,21,22,23,15,16,16,42,14,21,20,0,24,25,26,16,17,16,42,14,22,21,0,27,28,29,18,19,20,42,14,23,22,0,30,31,32,18,21,19,42,13,23,14,0,33,34,35,5,22,5,42,13,24,23,0,36,37,38,7,23,23,42,24,13,15,0,37,36,39,23,7,7,42,16,24,15,0,40,41,42,24,24,24,42,24,16,2,0,41,40,43,24,24,24,42,24,2,25,0,41,43,44,24,24,24,42,2,26,25,0,43,45,44,24,24,24,42,26,2,27,0,45,43,46,24,24,24,42,2,19,27,0,47,48,49,25,26,26,42,19,2,17,0,48,47,50,26,25,9,42,2,18,17,0,51,52,53,27,28,29,42,2,14,18,0,51,54,52,27,11,28,42,25,14,2,0,55,54,51,30,11,27,42,14,25,22,0,54,55,56,11,30,19,42,25,21,22,0,57,58,59,30,31,32,42,21,25,26,0,58,57,60,31,30,31,42,28,21,26,0,61,62,63,33,31,31,42,21,28,20,0,62,61,64,31,33,33,42,27,20,28,0,65,66,67,26,33,33,42,20,27,19,0,66,65,68,33,26,26,42,26,27,28,0,45,46,69,24,24,24,42,23,25,22,0,70,71,72,23,30,32,42,25,23,24,0,71,70,73,30,23,23,42,19,17,18,0,48,50,74,26,9,10]

}
