{

    "metadata" :
    {
        "formatVersion" : 3.1,
        "sourceFile"    : "Rocket.obj",
        "generatedBy"   : "OBJConverter",
        "vertices"      : 29,
        "faces"         : 80,
        "normals"       : 64,
        "colors"        : 0,
        "uvs"           : 75,
        "materials"     : 2
    },

    "scale" : 1.000000,

    "materials": [	{
	"DbgColor" : 15658734,
	"DbgIndex" : 0,
	"DbgName" : "FrontColor",
	"colorAmbient" : [0.0, 0.0, 0.0],
	"colorDiffuse" : [1.0, 1.0, 1.0],
	"colorSpecular" : [0.33, 0.33, 0.33]
	},

	{
	"DbgColor" : 15597568,
	"DbgIndex" : 1,
	"DbgName" : "BackColor",
	"colorAmbient" : [0.0, 0.0, 0.0],
	"colorDiffuse" : [0.670588, 0.690196, 0.8],
	"colorSpecular" : [0.33, 0.33, 0.33]
	}],

    "vertices": [0.100000,0.000000,-0.396765,0.210000,0.000000,-0.000000,0.100000,0.000000,-0.000000,-0.100000,-0.000000,-0.000000,-0.210000,-0.000000,-0.000000,-0.100000,0.000000,-0.396765,0.000000,-0.100000,0.000000,-0.000000,-0.210000,0.000000,0.000000,-0.100000,-0.396765,-0.000000,0.100000,-0.000000,0.000000,0.210000,-0.000000,-0.000000,0.100000,-0.396765,0.070711,-0.070711,-0.510000,0.000000,-0.100000,-0.510000,-0.000000,0.000000,-0.780000,-0.070711,-0.070711,-0.510000,-0.100000,0.000000,-0.510000,-0.100000,-0.000000,-0.000000,-0.070711,-0.070711,-0.000000,0.000000,-0.100000,0.000000,0.070711,-0.070711,-0.000000,0.100000,-0.000000,-0.396765,-0.070711,0.070711,-0.000000,0.070711,0.070711,0.000000,-0.070711,0.070711,-0.510000,0.100000,0.000000,-0.510000,0.070711,0.070711,-0.510000,-0.000000,0.100000,-0.510000,-0.000000,0.100000,-0.000000],

    "morphTargets": [],

    "morphColors": [],

    "normals": [0,-1,-1.3878e-16,-0,1,1.3878e-16,0,-1,-1.8735e-16,-0,1,1.8735e-16,1,-4.4409e-16,-6.163e-32,-1,4.4409e-16,6.163e-32,-1,1.3864e-14,1.924e-30,1,-1.3864e-14,-1.924e-30,0.36207,-0.87412,-0.32375,5.9552e-17,-0.93775,-0.34731,-5.9552e-17,0.93775,0.34731,-0.36207,0.87412,0.32375,-0.36207,-0.87412,-0.32375,0.36207,0.87412,0.32375,0,-0.61119,-0.79149,-0.87412,-0.36207,-0.32375,-0.94926,-0.26398,-0.17092,0.94926,0.26398,0.17092,0.87412,0.36207,0.32375,-0,0.61119,0.79149,-0.70711,-0.70711,-2.7038e-16,-0.87947,-0.47596,-1.0734e-16,0.70711,0.70711,2.7038e-16,0.87947,0.47596,1.0734e-16,0,-1,-4.4688e-16,-0,1,4.4688e-16,0.70711,-0.70711,-3.3422e-16,-0.70711,0.70711,3.3422e-16,0.92388,-0.38268,-9.7145e-17,0.87947,-0.47596,-1.9816e-17,-0.92388,0.38268,9.7145e-17,0,-1.3878e-16,1,-0,1.3878e-16,-1,-0.70711,0.70711,3.3985e-16,0.70711,-0.70711,-3.3985e-16,-0.87412,0.36207,-0.32375,0.87412,-0.36207,0.32375,0,-0.61119,-0.79149,-0.87947,-0.47596,-1.0734e-16,5.6534e-17,-1,-1.3878e-16,0.87947,0.47596,1.0734e-16,-0,0.61119,0.79149,-5.6534e-17,1,1.3878e-16,0.94926,-0.26398,-0.17092,-0.94926,0.26398,0.17092,0.87412,0.36207,-0.32375,0.94926,-0.26398,-0.17092,0.36207,0.87412,-0.32375,-5.9552e-17,0.93775,-0.34731,5.9552e-17,-0.93775,0.34731,-0.36207,-0.87412,0.32375,-0.36207,0.87412,-0.32375,0.36207,-0.87412,0.32375,-1.5021e-16,1,4.7317e-16,1.5021e-16,-1,-4.7317e-16,0.70711,0.70711,2.9667e-16,-0.70711,-0.70711,-2.9667e-16,0.92388,0.38268,1.9429e-16,-0.92388,-0.38268,-1.9429e-16,-0.87947,0.47596,1.9816e-17,0.87412,-0.36207,-0.32375,-0.94926,0.26398,0.17092,-0.87412,-0.36207,0.32375,-0.87412,0.36207,0.32375],

    "colors": [],

    "uvs": [[0,15.621,-4.3307,0,0,0,13.112,12.161,14.968,9.7866,22.892,17.892,-14.968,9.7866,-13.112,12.161,-22.892,17.892,-28.797,3.8617,-17.862,0.87519,-17.461,3.8617,-20.079,-1.5066,8.2794e-16,1.5066,-20.079,1.5066,5.8544e-16,-1.5066,-20.079,-1.5066,2.221e-15,1.5066,-20.079,1.5066,1.4155e-15,-1.5066,20.079,1.5066,-1.4155e-15,-1.5066,20.079,-1.5066,-3.7858e-15,1.5066,20.079,-1.5066,-4.1397e-16,1.5066,-2.9272e-16,-1.5066,15.621,1.5066,-2.7839,-2.7839,2.7839,-2.7839,3.937,0,2.4107e-16,-3.937,-3.937,-4.8214e-16,-2.7839,2.7839,2.7839,2.7839,-20.079,1.5066,-4.5832e-16,-1.5066,-3.2408e-16,1.5066,-20.079,-1.5066,-28.797,-3.8617,-17.461,-3.8617,-17.862,-0.87519,4.4409e-16,30.709,3.937,1.427e-31,3.937,20.079,-3.937,-3.0888e-32,-3.937,20.079,28.797,-3.8617,17.862,-0.87519,17.461,-3.8617,13.112,-12.161,22.892,-17.892,14.968,-9.7866,-22.892,-17.892,-13.112,-12.161,-14.968,-9.7866,-20.079,-1.5066,-1.4155e-15,1.5066,-20.079,1.5066,-3.7858e-15,-1.5066,2.1025e-15,-1.5066,20.079,1.5066,1.4155e-15,1.5066,20.079,-1.5066,8.2794e-16,-1.5066,20.079,1.5066,1.136e-16,1.5066,15.621,-1.5066,20.079,1.5066,28.797,3.8617,17.461,3.8617,17.862,0.87519,20.079,-1.5066,-3.937,15.621,-7.2322e-16,3.937]],

    "faces": [42,0,1,2,0,0,1,2,0,0,0,42,2,1,0,1,2,1,0,1,1,1,42,3,4,5,0,2,1,0,2,2,2,42,5,4,3,1,0,1,2,3,3,3,42,6,7,8,0,2,1,0,4,4,4,42,8,7,6,1,0,1,2,5,5,5,42,9,10,11,0,2,1,0,6,6,6,42,11,10,9,1,0,1,2,7,7,7,42,12,13,14,0,3,4,5,8,9,9,42,14,13,12,1,5,4,3,10,10,11,42,13,15,14,0,6,7,8,9,12,9,42,14,15,13,1,8,7,6,10,13,10,42,14,15,16,0,9,10,11,14,15,16,42,16,15,14,1,11,10,9,17,18,19,42,15,17,16,0,12,13,14,20,21,16,42,17,15,18,0,13,12,15,21,20,20,42,18,15,17,1,15,12,13,22,22,23,42,13,18,15,0,16,17,18,24,20,20,42,18,13,19,0,17,16,19,20,24,24,42,15,18,13,1,18,17,16,22,22,25,42,19,13,18,1,19,16,17,25,25,22,42,12,19,13,0,20,21,22,26,24,24,42,19,12,20,0,21,20,23,24,26,26,42,13,19,12,1,22,21,20,25,25,27,42,20,12,19,1,23,20,21,27,27,25,42,12,2,20,0,24,25,26,26,28,26,42,2,12,21,0,25,24,27,28,26,29,42,20,2,12,1,26,25,24,27,30,27,42,18,20,2,0,28,29,30,31,31,31,42,20,18,19,0,29,28,31,31,31,31,42,19,18,20,1,31,28,29,32,32,32,42,2,20,18,1,30,29,28,32,32,32,42,18,2,17,0,28,30,32,31,31,31,42,17,2,18,1,32,30,28,32,32,32,42,2,22,17,0,30,33,32,31,31,31,42,22,2,23,0,33,30,34,31,31,31,42,17,22,2,1,32,33,30,32,32,32,42,24,17,22,0,35,36,37,33,21,33,42,17,24,16,0,36,35,38,21,33,16,42,22,17,24,1,37,36,35,34,23,34,42,16,24,17,1,38,35,36,17,34,23,42,14,16,24,0,39,40,41,14,16,35,42,24,16,14,1,41,40,39,36,17,19,42,14,17,16,0,42,43,44,37,38,16,42,17,14,2,0,43,42,45,38,37,39,42,16,17,14,1,44,43,42,17,40,41,42,16,17,15,1,14,13,12,17,23,22,42,2,14,17,1,45,42,43,42,41,40,42,2,14,25,0,45,42,46,39,37,43,42,25,14,2,1,46,42,45,44,41,42,42,14,26,25,0,47,48,49,37,45,46,42,26,14,27,0,50,51,52,47,48,48,42,27,14,26,1,52,51,50,49,49,50,42,14,24,27,0,53,54,55,48,51,48,42,27,24,14,1,55,54,53,49,52,49,42,24,28,27,0,56,57,58,33,53,53,42,28,24,22,0,57,56,59,53,33,33,42,22,24,28,1,59,56,57,34,34,54,42,27,28,24,1,58,57,56,54,54,34,42,23,27,28,0,60,61,62,55,53,53,42,27,23,26,0,61,60,63,53,55,55,42,28,27,23,1,62,61,60,54,54,56,42,26,23,27,1,63,60,61,56,56,54,42,2,26,23,0,64,65,66,57,55,55,42,26,2,21,0,65,64,67,55,57,29,42,23,26,2,1,66,65,64,56,56,58,42,21,2,26,1,67,64,65,59,58,56,42,21,12,2,1,27,24,25,59,27,30,42,21,12,25,0,27,24,68,29,26,43,42,25,12,21,1,68,24,27,44,27,59,42,14,25,12,0,69,70,71,37,46,60,42,25,26,14,1,49,48,47,61,62,41,42,26,21,25,0,65,67,72,55,29,43,42,25,21,26,1,72,67,65,44,59,56,42,2,25,21,0,45,46,73,39,43,29,42,21,25,2,1,73,46,45,59,44,42,42,12,25,14,1,71,70,69,63,61,41,42,23,2,22,1,34,30,33,32,32,32,42,22,23,28,0,33,34,74,31,31,31,42,28,23,22,1,74,34,33,32,32,32]

}
